Source,Target
instagram,june_canedo
instagram,lejuanjames
instagram,sew_trill
instagram,mstrinitysimone
instagram,tikatheiggy
instagram,rollertravisreynolds
instagram,design.brand.art
instagram,ryutricks
instagram,maxrivephotography
instagram,delfin
instagram,tyler_spangler
instagram,iamwestdakota
instagram,soyounlee
instagram,daoko_official
june_canedo,instagram
june_canedo,oscarraymundo
june_canedo,woodspoon
june_canedo,na_uvi
june_canedo,talitamnzs
june_canedo,bornalongaroad
lejuanjames,instagram
lejuanjames,daryld09
lejuanjames,mls_news_
lejuanjames,_thelionden
sew_trill,instagram
sew_trill,valheria123
sew_trill,sloanestephens
sew_trill,vaselinebrand
sew_trill,verzuztv
mstrinitysimone,instagram
mstrinitysimone,clydeedwards
mstrinitysimone,mamthegreat
tikatheiggy,instagram
tikatheiggy,iggyadelaide
tikatheiggy,hope.macaulay
rollertravisreynolds,instagram
rollertravisreynolds,ire_and_rachel
rollertravisreynolds,skatenerdclothing
rollertravisreynolds,sparrow33
design.brand.art,instagram
design.brand.art,luqmnashaari
design.brand.art,robdelaney
ryutricks,jajavankova
ryutricks,cassandra_cano7
ryutricks,jasonderulo
ryutricks,akbarquadri
ryutricks,dezisaenz
na_uvi,june_canedo
maxrivephotography,instagram
maxrivephotography,benstraussphotography
maxrivephotography,florian_warnecke_fotografie
maxrivephotography,joerytruyen
maxrivephotography,hansstrandofficial
delfin,instagram
delfin,ravieloso
delfin,youngselfie
delfin,thesavagearmy
delfin,zendaya
delfin,livnproof_
tyler_spangler,instagram
tyler_spangler,sabrenakhadija
tyler_spangler,orvillepeck
tyler_spangler,napkinapocalypse
tyler_spangler,monicaahanonu
tyler_spangler,rinnyriot
iamwestdakota,instagram
iamwestdakota,melania__brown
iamwestdakota,jennifer___anuston
iamwestdakota,basitcom
iamwestdakota,satisfyingshuffle
iamwestdakota,weareparklanedental
soyounlee,instagram
soyounlee,from_nee
soyounlee,bsideddie
soyounlee,moniquexmoronta
soyounlee,theurbanpeddler
soyounlee,ypsbp
daoko_official,instagram
daoko_official,mkmrkn1
daoko_official,tamanaramen
daoko_official,shinkai_baba
oscarraymundo,june_canedo
oscarraymundo,sew_trill
oscarraymundo,lejuanjames
oscarraymundo,valheria123
oscarraymundo,kaylafory
oscarraymundo,bellehugo
oscarraymundo,iamwestdakota
woodspoon,june_canedo
woodspoon,mariospizzaparty
woodspoon,wonhophoto
woodspoon,nossa_uol
woodspoon,keniamariak
woodspoon,nailsby_sheila
talitamnzs,june_canedo
talitamnzs,lucascobucci
talitamnzs,klebermatheus
talitamnzs,panalves
bornalongaroad,wall404
bornalongaroad,fidannovruzovastudio
bornalongaroad,actualobjects
daryld09,lejuanjames
daryld09,dylannealis
daryld09,433esports
daryld09,gabbyweger
daryld09,markthorphotos
mls_news_,usmntmemes
mls_news_,fbjerseyconnection
mls_news_,football_memes.v2
mls_news_,defendthebanc
_thelionden,orlandomagicnbachampions
_thelionden,jogogingafutbol
_thelionden,pt.fc.nation
_thelionden,orlandosoccer407
_thelionden,fbwonderkids
_thelionden,colombiano1020
valheria123,oscarraymundo
valheria123,sew_trill
valheria123,lejuanjames
valheria123,lismejia
valheria123,oliviawoodgate
valheria123,abspetit
valheria123,xosaro
sloanestephens,sew_trill
sloanestephens,naomiosaka
sloanestephens,aalahna
sloanestephens,ivyleaguestyles
sloanestephens,weworewhat
vaselinebrand,sew_trill
vaselinebrand,charlotteparler
vaselinebrand,elyselovemd
vaselinebrand,dr.zionko
vaselinebrand,thedermwife
vaselinebrand,curlsandcouture
verzuztv,msgladysknight
verzuztv,mspattilabelle
verzuztv,roland.artists
verzuztv,theshaderoom
clydeedwards,verzuztv
clydeedwards,mstrinitysimone
clydeedwards,naomiosaka
clydeedwards,lizlevy
clydeedwards,dimplez
clydeedwards,mariokristian_
clydeedwards,creative_ian
mamthegreat,gerrellhankton
iggyadelaide,blacklabbathdogwalking
iggyadelaide,caprithehavanese
hope.macaulay,bairbrepower
hope.macaulay,lbtmua
hope.macaulay,normani
hope.macaulay,trend.board
ire_and_rachel,flytetymejam
ire_and_rachel,lucifear297
ire_and_rachel,jas_hub135
ire_and_rachel,una_artista_enjaulada
ire_and_rachel,porchiacarter
skatenerdclothing,rollertravisreynolds
skatenerdclothing,wcrollerskate
skatenerdclothing,freeborderskate
skatenerdclothing,_therealbarbiie
skatenerdclothing,areasonsworld
sparrow33,rollertravisreynolds
sparrow33,d_pods_health
sparrow33,aamberskates
sparrow33,fenellamcgowan
sparrow33,afunnythinghappenedpod
sparrow33,bomba_hache
luqmnashaari,rifdihaziq_bangsawan
luqmnashaari,teebai
luqmnashaari,meowwington
luqmnashaari,adrianyap.co
luqmnashaari,alvaro____navarro
luqmnashaari,ftrnnx
luqmnashaari,dianaakhiruddin
luqmnashaari,aishanzha
robdelaney,mourningcake
robdelaney,whalecalls
robdelaney,rrinconn
robdelaney,kexp
robdelaney,oldmanshoes
robdelaney,leepricestudio
robdelaney,bittycar
jajavankova,ryutricks
jajavankova,thetopangabungalows
jajavankova,angelbofficial
cassandra_cano7,lenyfalgoux
jasonderulo,derulofit
akbarquadri,dankmemesisl
akbarquadri,_shoaib_xo
akbarquadri,muzzamil._pathan
akbarquadri,hyder_613
akbarquadri,junaid_rider_khan
akbarquadri,ultralegendzzzz
akbarquadri,najmariyaz
dezisaenz,tahani_anderson
dezisaenz,sj.bleau
dezisaenz,simplyangelica
dezisaenz,sterlingtorress
dezisaenz,andrewcarrera_
dezisaenz,tothe_max
dezisaenz,amari422
benstraussphotography,morenatti
benstraussphotography,albertdrosphotography
benstraussphotography,firstrespondermartin
benstraussphotography,goran_jovic_
benstraussphotography,eyeofshe
florian_warnecke_fotografie,svens_photoart
florian_warnecke_fotografie,margotzawadzki
florian_warnecke_fotografie,joelklups
florian_warnecke_fotografie,egatfield
florian_warnecke_fotografie,fraukecasper
florian_warnecke_fotografie,marinaefthymiadi
florian_warnecke_fotografie,olafkoop
joerytruyen,depths.of.earth
joerytruyen,jaczahoor
joerytruyen,hilleberg_the_tentmaker
hansstrandofficial,oceancapture
hansstrandofficial,nikitin.photo
hansstrandofficial,tomsvensson1
hansstrandofficial,bejamin
hansstrandofficial,jessyheuvelink
hansstrandofficial,geosteinmetz
hansstrandofficial,jimmychin
hansstrandofficial,kevinkuczinski
hansstrandofficial,ottofrank
hansstrandofficial,johnsextonphoto
ravieloso,delfin
ravieloso,essexfinejewelry
ravieloso,cal_thejeweler
youngselfie,delfin
youngselfie,_notlazy
youngselfie,theblacklistxyz
youngselfie,40oz_van
zendaya,naomiosaka
zendaya,marthahunt
zendaya,dunemovie
zendaya,keithlouisxii
zendaya,pyermoss
livnproof_,lonelyinformation
livnproof_,moonmoronta
livnproof_,bigcitydog
sabrenakhadija,delfin
sabrenakhadija,choycebrown
sabrenakhadija,isabela.humphrey
sabrenakhadija,the__arm
sabrenakhadija,stillherestilllife
sabrenakhadija,_pocketss_
sabrenakhadija,jessdas
sabrenakhadija,_maggiestephenson_
sabrenakhadija,giacomobagnara_
orvillepeck,grantvanderbilt
orvillepeck,mablacasa
orvillepeck,gaytimes
orvillepeck,veeps
orvillepeck,mizakeriachanel
orvillepeck,charleycrockett
orvillepeck,flomillishit
orvillepeck,zeroskateboards
napkinapocalypse,goldfeets
napkinapocalypse,happy_on_the_homestead
napkinapocalypse,lilyallen
monicaahanonu,damaria5
monicaahanonu,_thehamptons
monicaahanonu,temi.coker
monicaahanonu,brillant007
rinnyriot,brandonqreative
rinnyriot,fairearies
rinnyriot,ishiniw
rinnyriot,johnique___
rinnyriot,morganlily
rinnyriot,bossybruja
rinnyriot,earthycap
melania__brown,verzuztv
melania__brown,chimeforchange
melania__brown,mrscvsper
melania__brown,dustandpaper
melania__brown,gucciequilibrium
jennifer___anuston,verzuztv
jennifer___anuston,melody_english_
jennifer___anuston,spena
jennifer___anuston,sam_banks
jennifer___anuston,nparness
jennifer___anuston,montanaleviblanco
basitcom,verzuztv
basitcom,thisisyasminj
basitcom,bug_sounds
basitcom,queenofradiosilence
basitcom,sammykims
basitcom,_diyavij
basitcom,yungsesana
basitcom,ou.mou
satisfyingshuffle,pigmentmixings
satisfyingshuffle,60sofcrafts
satisfyingshuffle,60softips
satisfyingshuffle,foodworldclips
satisfyingshuffle,tutorials.tv
weareparklanedental,miseeharris
weareparklanedental,teawithmd
weareparklanedental,rosegold_balloondesign
weareparklanedental,sarangdmd
weareparklanedental,teamcheeky
weareparklanedental,joinclearclub
weareparklanedental,stethoscope.kat
weareparklanedental,artbox_cafe
from_nee,soyounlee
from_nee,chargedglassworks
from_nee,benoit.leva
from_nee,sheenachang1229
from_nee,the_donnies
from_nee,buildingsciencefightclub
from_nee,mdotcallahan
from_nee,vogue__house
from_nee,risingerbuild
from_nee,illustrarch
bsideddie,soyounlee
bsideddie,nazem_088
bsideddie,sami__artist
bsideddie,shokudokai
bsideddie,park_meena
bsideddie,pisces_bella
bsideddie,sammykronic
bsideddie,savour_skateshop
bsideddie,xxblue_official
bsideddie,taerimhonghong
moniquexmoronta,soyounlee
moniquexmoronta,soeur_lab
moniquexmoronta,catwalkfairfax
moniquexmoronta,isaallah
moniquexmoronta,pivottowin
moniquexmoronta,ecoage
moniquexmoronta,cushnie
moniquexmoronta,mrserinharris
theurbanpeddler,soyounlee
theurbanpeddler,ccnavy
theurbanpeddler,lifeisgoodco
theurbanpeddler,seattleshirtco
ypsbp,papipong
ypsbp,theallofusmovement
ypsbp,matthewvu
ypsbp,bufu_byusforus
ypsbp,yukaitlin
ypsbp,antipoliceterrorproject
thesavagearmy,delfin
tamanaramen,daoko_official
shinkai_baba,daoko_official
kaylafory,oscarraymundo
kaylafory,june_canedo
mariospizzaparty,woodspoon
wonhophoto,woodspoon
lucascobucci,talitamnzs
lucascobucci,zendaya
klebermatheus,talitamnzs
panalves,talitamnzs
dylannealis,daryld09
xosaro,zendaya
naomiosaka,sloanestephens
naomiosaka,zendaya
naomiosaka,trend.board
aalahna,sloanestephens
ivyleaguestyles,sloanestephens
weworewhat,sloanestephens
charlotteparler,vaselinebrand
curlsandcouture,pyermoss
msgladysknight,verzuztv
mspattilabelle,msgladysknight
mspattilabelle,verzuztv
theshaderoom,verzuztv
lizlevy,clydeedwards
lizlevy,creative_ian
lizlevy,theshaderoom
dimplez,clydeedwards
mariokristian_,clydeedwards
mariokristian_,creative_ian
creative_ian,mariokristian_
creative_ian,lizlevy
gerrellhankton,mamthegreat
gerrellhankton,verzuztv
blacklabbathdogwalking,iggyadelaide
caprithehavanese,iggyadelaide
bairbrepower,hope.macaulay
lbtmua,hope.macaulay
flytetymejam,msgladysknight
flytetymejam,mspattilabelle
flytetymejam,naomiosaka
lucifear297,ire_and_rachel
lucifear297,freeborderskate
jas_hub135,ire_and_rachel
jas_hub135,instagram
jas_hub135,freeborderskate
una_artista_enjaulada,ire_and_rachel
wcrollerskate,instagram
freeborderskate,rollertravisreynolds
d_pods_health,sparrow33
aamberskates,areasonsworld
fenellamcgowan,fairearies
rifdihaziq_bangsawan,luqmnashaari
teebai,luqmnashaari
meowwington,luqmnashaari
mourningcake,robdelaney
whalecalls,robdelaney
rrinconn,robdelaney
lenyfalgoux,cassandra_cano7
derulofit,jasonderulo
dankmemesisl,akbarquadri
_shoaib_xo,akbarquadri
muzzamil._pathan,akbarquadri
hyder_613,akbarquadri
junaid_rider_khan,akbarquadri
ultralegendzzzz,akbarquadri
najmariyaz,akbarquadri
najmariyaz,instagram
tahani_anderson,dezisaenz
sj.bleau,dezisaenz
simplyangelica,dezisaenz
sterlingtorress,dezisaenz
andrewcarrera_,dezisaenz
tothe_max,dezisaenz
amari422,andrewcarrera_
amari422,dezisaenz
morenatti,benstraussphotography
albertdrosphotography,benstraussphotography
firstrespondermartin,maxrivephotography
firstrespondermartin,eyeofshe
firstrespondermartin,benstraussphotography
goran_jovic_,instagram
eyeofshe,maxrivephotography
svens_photoart,florian_warnecke_fotografie
margotzawadzki,florian_warnecke_fotografie
joelklups,florian_warnecke_fotografie
egatfield,florian_warnecke_fotografie
fraukecasper,florian_warnecke_fotografie
marinaefthymiadi,florian_warnecke_fotografie
olafkoop,florian_warnecke_fotografie
olafkoop,albertdrosphotography
depths.of.earth,maxrivephotography
depths.of.earth,morenatti
johnsextonphoto,hansstrandofficial
essexfinejewelry,ravieloso
essexfinejewelry,theshaderoom
cal_thejeweler,ravieloso
marthahunt,naomiosaka
dunemovie,zendaya
keithlouisxii,naomiosaka
pyermoss,zendaya
lonelyinformation,livnproof_
moonmoronta,livnproof_
moonmoronta,isaallah
bigcitydog,livnproof_
choycebrown,naomiosaka
_maggiestephenson_,stillherestilllife
_maggiestephenson_,trend.board
grantvanderbilt,orvillepeck
mablacasa,orvillepeck
gaytimes,normani
veeps,orvillepeck
mizakeriachanel,orvillepeck
charleycrockett,orvillepeck
goldfeets,napkinapocalypse
damaria5,monicaahanonu
_thehamptons,monicaahanonu
temi.coker,monicaahanonu
brillant007,monicaahanonu
brandonqreative,verzuztv
chimeforchange,melania__brown
chimeforchange,gucciequilibrium
mrscvsper,melania__brown
dustandpaper,theshaderoom
melody_english_,jennifer___anuston
spena,jennifer___anuston
sam_banks,jennifer___anuston
nparness,jennifer___anuston
montanaleviblanco,jennifer___anuston
thisisyasminj,basitcom
thisisyasminj,naomiosaka
bug_sounds,basitcom
bug_sounds,sammykims
bug_sounds,queenofradiosilence
queenofradiosilence,bug_sounds
queenofradiosilence,basitcom
queenofradiosilence,sammykims
sammykims,bug_sounds
sammykims,queenofradiosilence
sammykims,basitcom
_diyavij,basitcom
yungsesana,basitcom
ou.mou,basitcom
pigmentmixings,foodworldclips
pigmentmixings,60sofcrafts
pigmentmixings,60softips
pigmentmixings,satisfyingshuffle
60sofcrafts,pigmentmixings
60sofcrafts,tutorials.tv
60sofcrafts,foodworldclips
60sofcrafts,satisfyingshuffle
60sofcrafts,60softips
60softips,pigmentmixings
60softips,tutorials.tv
60softips,foodworldclips
60softips,satisfyingshuffle
60softips,60sofcrafts
foodworldclips,pigmentmixings
foodworldclips,60sofcrafts
foodworldclips,tutorials.tv
foodworldclips,60softips
foodworldclips,satisfyingshuffle
tutorials.tv,pigmentmixings
tutorials.tv,60sofcrafts
tutorials.tv,60softips
tutorials.tv,foodworldclips
tutorials.tv,satisfyingshuffle
miseeharris,verzuztv
teawithmd,dr.zionko
chargedglassworks,zendaya
benoit.leva,design.brand.art
sheenachang1229,from_nee
vogue__house,instagram
taerimhonghong,bsideddie
soeur_lab,naomiosaka
soeur_lab,moniquexmoronta
catwalkfairfax,trend.board
isaallah,moonmoronta
isaallah,moniquexmoronta
pivottowin,moniquexmoronta
ecoage,zendaya
ecoage,gucciequilibrium
cushnie,zendaya
ccnavy,theurbanpeddler
yukaitlin,bufu_byusforus
